,Delta-Fp1,Delta-F7,Delta-T7,Delta-P7,Delta-O1,Delta-Fp2,Delta-F8,Delta-T8,Delta-P8,Delta-O2,Delta-F3,Delta-C3,Delta-P3,Delta-F4,Delta-C4,Delta-P4,Delta-Fz,Delta-Cz,Delta-Pz,Theta-Fp1,Theta-F7,Theta-T7,Theta-P7,Theta-O1,Theta-Fp2,Theta-F8,Theta-T8,Theta-P8,Theta-O2,Theta-F3,Theta-C3,Theta-P3,Theta-F4,Theta-C4,Theta-P4,Theta-Fz,Theta-Cz,Theta-Pz,Alpha-Fp1,Alpha-F7,Alpha-T7,Alpha-P7,Alpha-O1,Alpha-Fp2,Alpha-F8,Alpha-T8,Alpha-P8,Alpha-O2,Alpha-F3,Alpha-C3,Alpha-P3,Alpha-F4,Alpha-C4,Alpha-P4,Alpha-Fz,Alpha-Cz,Alpha-Pz,Beta-Fp1,Beta-F7,Beta-T7,Beta-P7,Beta-O1,Beta-Fp2,Beta-F8,Beta-T8,Beta-P8,Beta-O2,Beta-F3,Beta-C3,Beta-P3,Beta-F4,Beta-C4,Beta-P4,Beta-Fz,Beta-Cz,Beta-Pz,Gamma-Fp1,Gamma-F7,Gamma-T7,Gamma-P7,Gamma-O1,Gamma-Fp2,Gamma-F8,Gamma-T8,Gamma-P8,Gamma-O2,Gamma-F3,Gamma-C3,Gamma-P3,Gamma-F4,Gamma-C4,Gamma-P4,Gamma-Fz,Gamma-Cz,Gamma-Pz
m558,0.10716390354543871,0.2802884444901013,0.15254576319719745,0.18622379371784253,0.14659962459981504,0.21638282798775688,0.3021769491833828,0.33862541681382013,0.2206060364247094,0.12091654776513211,0.16067809817412926,0.25676377711752124,0.2044522992983111,0.335431061890874,0.29176426825280755,0.1820219010220162,0.3245476776437109,0.24967387125177973,0.09761426484791641,0.05565500802572713,0.14201223489295975,0.09040631368736046,0.10254245864478172,0.07632493025710027,0.10266848915030878,0.12121325481861135,0.1709416943454832,0.09239393117855166,0.05536678110214381,0.07419923682024542,0.1548891100719014,0.10865081240736735,0.17609512028533691,0.15015054708576256,0.09054007932551442,0.20775699184679874,0.146537017779037,0.10692411615890857,0.049354773252014775,0.16632468812255127,0.13027059175232344,0.308434351973761,0.33472723343194805,0.09193999673561887,0.12770670660974465,0.2224682176484012,0.3238888919061686,0.3538437410741586,0.08510465717882294,0.21023407143718725,0.3017693362414254,0.1786723617082511,0.2025066531096452,0.31234646650689457,0.19577837556265534,0.18871199952786857,0.1945394570127744,0.2517803639911546,0.26207346715847973,0.265658403590021,0.2909954759908787,0.3086464930089995,0.2392292591012615,0.25409291444661714,0.303041919104906,0.3006737146843352,0.30403861703645796,0.28227105228483046,0.3350292971374428,0.31247309491869135,0.2968759777355213,0.36175129708083537,0.32230375647203996,0.29230990178512173,0.31084129843417485,0.24856778622309603,0.22274748505787273,0.16895989091138494,0.1816461539566115,0.09229469799494143,0.07603827593476067,0.20043387641777138,0.1669772994558673,0.11935732925879722,0.0837502512043908,0.07119627773659323,0.2077097037369157,0.13647565668075165,0.09097999307135987,0.14281731892298807,0.14079551829171147,0.08854478293371464,0.1303326164605222,0.14241155308632572,0.09589116301136058
m559,0.345783357234287,0.3382948771790718,0.3227196559214352,0.269645290526906,0.22306678204579364,0.34703505154030667,0.3262162883040086,0.3049313130147368,0.2540617606660097,0.2054406213670535,0.30637394629728515,0.2986537482361592,0.28896751296289774,0.3582670677317816,0.308365967580961,0.20672782067771017,0.3393996640647602,0.3558631314569365,0.24722405394411043,0.10024743496760581,0.10635929137813484,0.1445898007548483,0.17554462320411152,0.15744548453382304,0.08123371569665722,0.08746171939002602,0.1518195888792676,0.1824803906841279,0.15111413557811426,0.13520559928665868,0.13620180453120956,0.16121732138103007,0.10845115261778682,0.14000284951403988,0.15425971275442338,0.13860051566979517,0.1506574887960479,0.15779304728495538,0.1604094853630216,0.15897592240757652,0.2117878572453659,0.3310511842535046,0.35057019708745885,0.11481036887781938,0.1488044890398298,0.22974091823214068,0.3359827158721946,0.36599468608333036,0.233257013622392,0.27422437244510284,0.3245403080856526,0.20534402925040857,0.28358925009265057,0.3641574723194032,0.252913635920558,0.26793672541348945,0.3445243781349233,0.17349560518756835,0.1653283873252023,0.2155107088426065,0.2198670052925469,0.21364003483996313,0.1370309783804365,0.17957609627258583,0.22282063510059957,0.20748228019088313,0.20395882412632074,0.22237268160561835,0.23848322364101013,0.23235645471829258,0.23996081021541207,0.22838675226994448,0.20597087104017542,0.24132462425973175,0.2604019424103073,0.21577778703563155,0.1033938801597168,0.09749326035432994,0.11306759771886668,0.07977325851204319,0.07504671864030181,0.10645752478765594,0.10618272335100618,0.1257413176938311,0.07591544178155356,0.06855508444783961,0.10537208400910429,0.10025900268463085,0.08245757349059761,0.10368668968345256,0.09501248781492122,0.07084459641506606,0.09524953767186133,0.09712183687809857,0.07761386783110974
m561,0.26713703137122935,0.27646552053216583,0.2539176384354683,0.19186517490119243,0.16735191114765524,0.22849443326056976,0.26253898077376975,0.2542952260585378,0.23504242602580908,0.162846552441843,0.26205931906508106,0.2432313313934773,0.14929720369012595,0.2433491838951477,0.24438736788453883,0.18960689567566122,0.24734990931450454,0.7442375379783678,0.15778949176751206,0.1194573853198926,0.13053189179548927,0.15518705928693616,0.1389769965732956,0.12250982113142213,0.12649394450577806,0.1281211654628271,0.16054629106589152,0.1721193060050533,0.13461825610422617,0.14397853118159906,0.15942134303017494,0.12063088700377363,0.15051380228985548,0.15695183493025475,0.1530418570905413,0.14290318198628926,0.17708303756776375,0.12698808262217268,0.19267001416229657,0.19706657575496508,0.18729320838957625,0.3235890280473742,0.3445839298903911,0.17884097549913616,0.19873139186385402,0.22230272447486718,0.2872419633575111,0.3454000465361327,0.23219894806480715,0.23430126671419943,0.3699693883498774,0.24696806806713578,0.2602780019046172,0.34523280267813605,0.2671168648156884,0.1030014816808926,0.3709222268616617,0.2069801802778956,0.2196523212971561,0.23889132032521723,0.2528410000806842,0.2281033775409202,0.20000987627894318,0.20806927074316414,0.22122410411521734,0.2483611055701295,0.22988093328065537,0.23134376951874777,0.2891188852283478,0.2272973317963357,0.22952680310868304,0.25993948287863716,0.22877217727962973,0.2215356157094661,0.14790337338690895,0.21608310039065767,0.13906828857202155,0.13241695570329576,0.1403090951398083,0.0875227874929351,0.08636053830765286,0.1567387667375006,0.13382890135551606,0.12336691299597945,0.09654329419907313,0.08718469016474603,0.13345293735480154,0.13405350550482395,0.07916043607590238,0.12912525170057915,0.1234002289994909,0.08652674118186852,0.11810065951942587,0.12856889201197338,0.08003082461564477
m564,0.28592781531179595,0.37290936394002316,0.2679080454775702,0.24377813314038546,0.18213598082648744,0.26817402774609517,0.3995404677556785,0.27585029195183314,0.21514726025558617,0.1981356666802191,0.3169122293657751,0.2574298657289317,0.29224948066902623,0.36709148698948013,0.23230217179483797,0.2559899804827258,0.34510047434617397,0.3064669486735785,0.32867813579427324,0.1285853001554746,0.09460825503506064,0.08642434472219312,0.09826980428550657,0.07244850687553198,0.127178777441278,0.09904901436283223,0.053587886720474216,0.11425607867749346,0.09236490434519519,0.1379741106127396,0.11016940592703338,0.13855755112982823,0.14257895767502424,0.09431211864891141,0.12355096135206582,0.1688237685507735,0.14492080112993255,0.15036593007806393,0.10120867869233496,0.08347884643077587,0.07872375310775731,0.11568006548919936,0.10177620545626385,0.10280831742000156,0.08706111093827147,0.04376068958365153,0.12334066680209639,0.17015316430321076,0.11395664963425373,0.11273504619071456,0.16384993176176094,0.12398407240494011,0.08954030686449901,0.15345892717846124,0.13841199559472855,0.11354039416572016,0.15827252834906924,0.19671393998761216,0.18463137529339538,0.2097530079459526,0.2510149851542565,0.2162169546738568,0.19691650172973046,0.18269802861899961,0.1311342608095779,0.2806495386010453,0.29042378589473294,0.27734530702177645,0.3302420555117832,0.30190554881065335,0.26578894914904266,0.2512396221934957,0.337299766624245,0.30264665695776133,0.3596676196940661,0.328055439358274,0.17841817046052816,0.152004826481456,0.16132751991333782,0.18009433699983207,0.19801047923634663,0.1740027514669699,0.16444240414182043,0.13864027284461214,0.16460046162543493,0.16449703643770372,0.17907518708956466,0.18123556426542997,0.17163284289527628,0.17509970950935017,0.16379917498614124,0.1624235436016281,0.18013406161696424,0.18125468864994854,0.1691480806380572
m565,0.36535202661106686,0.21829708168823772,0.17465179372792886,0.12203716187393182,0.09382957741040064,0.3618975234972592,0.2474966312878858,0.18833387864241036,0.12136424586224798,0.08405803008297172,0.2053017401078171,0.10030275683710092,0.14398452981474555,0.207525269116618,0.10029864517671673,0.09966805514482252,0.22512235595088484,0.14965410552822556,0.13220874492425252,0.11938560112647323,0.12838706675297382,0.14146933044526694,0.10835160574371348,0.0765047334149221,0.12215084201413,0.12051959476418007,0.11353795241058619,0.09805557206690202,0.07423340689657894,0.13956749595996487,0.12836621484213248,0.10321792666268893,0.12886496863198857,0.11814825855221282,0.09680397688443519,0.14057661048172956,0.12519885292816516,0.10300980941081403,0.21802889701462222,0.26191892414705276,0.25191695686114085,0.2846500540068525,0.3256571661096589,0.22512131576528158,0.2202295883051567,0.20184497799993717,0.3196565900595699,0.3601592685989845,0.29782159712941336,0.2830612715878406,0.3128364860933822,0.2848924810833017,0.31524091449572256,0.34668176806455614,0.3090705336121745,0.32142300564696724,0.3305881988764658,0.23376512193267188,0.2626134969756039,0.2745032310247275,0.2765885716091816,0.26697087886210635,0.2400594510699063,0.23681522389496754,0.25519847109959,0.2665662438282807,0.2672347360760832,0.2763385515366409,0.30960592383729696,0.3061727283515996,0.2760972965832903,0.2891123646390424,0.27658853035566483,0.2683538184791155,0.2720568606340042,0.2928404983747431,0.1056738792242068,0.10576124293215802,0.1166699497513335,0.11451662707290523,0.09679784220868455,0.10721296677039549,0.11621357955739275,0.14950537039707787,0.09877596096876343,0.08257223331436178,0.0987256013599075,0.11591031996711265,0.09537269122655506,0.10278247948675248,0.102949120286378,0.08861123358480447,0.09165909316628568,0.09173083997835113,0.08617971647162115
m566,0.40705625984052357,0.392228579714205,0.30035687893895957,0.37662703732755376,0.3509532912534485,0.39191920430758653,0.24501285775184095,0.346811592541572,0.3492816552852176,0.2894830170916339,0.45036580941137117,0.26914910682026955,0.4064807538814385,0.3833185060178872,0.3310605411259847,0.38055057191108216,0.42464966410849064,0.3590861948714791,0.4132729707953588,0.07109280956111606,0.10415006480065946,0.14509546349480765,0.17335949781399962,0.1282617262046262,0.06938931305525181,0.0919086899738562,0.11529963034876597,0.13119915830481912,0.12285891908450293,0.1116947520811521,0.153762593734623,0.1789935850698531,0.09586649274145964,0.13972289298955165,0.16751834679286007,0.10682250352879391,0.1673386683580729,0.16587611966967358,0.06542044579078901,0.10255723841567237,0.13941426983741706,0.2258390976222748,0.31117500366532685,0.06380132251478776,0.0943265897743967,0.1191455104460493,0.15783515498213446,0.3012334491096438,0.13015587229109474,0.21245341577712704,0.23386317858647518,0.11037788313365877,0.19612492712956905,0.233710547738513,0.12377032099695981,0.21330005974858596,0.23033003694463888,0.10532373240616427,0.17122211365292644,0.2009521614352745,0.2609116807202571,0.2342797190975131,0.09980354861269146,0.15258329837763607,0.18883518961008341,0.2512130968039079,0.2263151264939071,0.23754480643916828,0.3092799964684686,0.2595004866349367,0.19782591544752667,0.267865652746026,0.25688690175909856,0.19849737763903927,0.26871516256241834,0.26257580959428145,0.14249258873015658,0.14915001120319585,0.14052119761260107,0.11818020296003667,0.095434378341361,0.15394982310566885,0.15610949035614963,0.18348686281449791,0.17486735309063622,0.1039107913548862,0.1483116728688211,0.13370360640919576,0.11827759407478249,0.15319217776458224,0.14125401297660076,0.1269993361374864,0.1326780000661766,0.1211770972811707,0.11925346965699303
m567,0.2450842383025563,0.2168147471645701,0.19587249296473416,0.17915483769244733,0.13417083878063418,0.21990062807233465,0.2300469224133143,0.21289913672221766,0.18242178137221293,0.12696855762117698,0.2420758843033111,0.21452634196093154,0.1510409649843039,0.20859370946713127,0.18503928298376077,0.15042230773307297,0.23098534692403994,0.19133690898047015,0.14495924237039337,0.1523004665633714,0.17343091875499944,0.20246212880709002,0.2227800794709851,0.12693050769410497,0.16219638822002203,0.1686536120178456,0.19838434072923816,0.21475218505960328,0.12976709049434712,0.17836800048195167,0.22688891004740838,0.16850242322155137,0.16330722696472316,0.17554702522746474,0.14233793719834195,0.17700209144780232,0.14918644880189413,0.1213339197298176,0.20346184571681428,0.22878433289846406,0.24722460008713626,0.332935845843272,0.3850745723129533,0.20190042836319283,0.23739527935363366,0.2638260182663316,0.33783549266735746,0.38636863780194997,0.25109419649073317,0.24727318978756432,0.3505044993094086,0.26663650877695716,0.24657424536964478,0.3591390355713535,0.2818356572346058,0.31746225342530365,0.37390843385626077,0.20877106915858562,0.22862571440432433,0.2398124622161021,0.21531561474413302,0.21611607175580816,0.21114825992788705,0.2286193598958401,0.24952685637622268,0.21642355841722657,0.21087471676865535,0.23951579754852925,0.258916288043928,0.23610852030406548,0.2492866593975686,0.296318612833263,0.2354056883615737,0.23758213352807311,0.24937306412044674,0.23243348374981895,0.14577340748828388,0.13800413791090563,0.13157500502778635,0.08251783223641282,0.06914849176726091,0.14921505053361142,0.1327607030878024,0.1264552050996111,0.07894440499920728,0.0684235902774553,0.12910825174322452,0.1304569616537111,0.08426882619773805,0.12359688130237138,0.140010852139328,0.07955071984700003,0.11418033028155669,0.0972063955821786,0.07454551317127903
m569,0.1549112958220476,0.1975628934435465,0.1882236317586689,0.10455110130506809,0.10140499619226497,0.1356693298392721,0.16061551609607175,0.1845285448333258,0.17207708628355228,0.12757689103775469,0.15332387146452342,0.13892949869706245,0.08821363951236356,0.15441663434714498,0.18932807488282866,0.12061458971759766,0.15129155980898149,0.11028143349942474,0.09660492152937065,0.1387724133766897,0.17724678248398884,0.21793225749277903,0.1713440300068146,0.15886194239697907,0.13255976596949626,0.1590110310538191,0.2105890427139167,0.17883670977835947,0.1587089761782549,0.1701834404957916,0.1936195578042095,0.1633590550746325,0.16176759136100338,0.198232196710629,0.16157184363233065,0.16413033720260573,0.15599169982240813,0.15719119709034118,0.26814628926802325,0.3030717741652129,0.31533364536276237,0.3791739765126696,0.38762759546777964,0.24936164586272364,0.2517877440364216,0.26239650165482303,0.33472113059072434,0.38057629510268093,0.3427353424055774,0.3353034737476947,0.39081274852091913,0.32680767679816863,0.24580044221619154,0.38033254971133823,0.3687967795133715,0.398599802295362,0.40410761406218454,0.18876935086273672,0.2112830312062766,0.22110026719569945,0.21078356884558572,0.21191126227919513,0.18442601047481805,0.20354151808633125,0.24304381063764052,0.23841095822957764,0.21060289099505178,0.21042580371523087,0.22622445967940183,0.2030812161372261,0.20870953188703986,0.2372625678435698,0.20961014565659067,0.19373025836550872,0.1868057067373523,0.1931826285408605,0.10876045874101815,0.09351778799960347,0.08812474318062183,0.0700405530297403,0.0703264126244611,0.11298428512531257,0.11300152923176246,0.10162171662016252,0.07971666671713992,0.07149399033360478,0.08256481107804804,0.08928917018691725,0.06820516885314523,0.0898947520926341,0.11061387307247574,0.07152639054132118,0.07393996566864089,0.06689732605247589,0.06415753748091763
m586,0.5700880659764579,0.5398714663505948,0.15084813912149458,0.268033013214705,0.26896668020937736,0.6015898907310429,0.5133732211732956,0.25915339545055227,0.3204482564293732,0.31582906093624086,0.541002409265869,0.19708659783656374,0.22973960706385185,0.5677931907608619,0.21196115346307592,0.26996946539915745,0.5337157363543845,0.3147008154061321,0.3588237087184612,0.14672375729361387,0.14944194478263814,0.09506955084785579,0.1099122106268846,0.07509547490844648,0.1406277136735891,0.158052045921681,0.12657905158541738,0.10934944470383956,0.08527937597119407,0.15873687569999625,0.11963290121952147,0.08376132324133943,0.152680252842418,0.12509829800699937,0.09542413844054597,0.15261393618166003,0.13193763164070707,0.10689082369360231,0.09170016087153805,0.1257977931130592,0.09840353488325954,0.19315518295627826,0.2223387153942526,0.0895676476557263,0.1450482986512303,0.14815526711841362,0.20258905875503586,0.2189222209896218,0.1473531907803358,0.23624100454372798,0.22763893037774244,0.1519479450917022,0.22274531677743467,0.22399975548776202,0.1576259748659661,0.19783758205944765,0.20822191564685516,0.1025449168878816,0.19126174120178407,0.2195433991211393,0.39324251273423005,0.4051690992848887,0.10815219798185782,0.23875171458166308,0.2723391483323746,0.37829697619808783,0.3874030822373486,0.2189517729711938,0.3694333737583322,0.4262289997561673,0.24768737968110816,0.36002617019217414,0.40484321550113017,0.2329384234509578,0.30752381459928246,0.39544542474019667,0.10055409783012821,0.12888444016687986,0.16560447163262315,0.12808134409822994,0.11450948226191827,0.10653806797463738,0.13850467678773054,0.16393843280071876,0.12101939901072618,0.11435864733645305,0.12231864604940013,0.11306764584299853,0.11105811497700688,0.12665575957869663,0.12759250615039822,0.11204590753500675,0.11032430633423833,0.11856172399819469,0.1158470426277061
m587,0.40910972622045017,0.4776471361556897,0.14437761377640596,0.13632845164848614,0.07463373456270041,0.4778579142086698,0.3485730437598434,0.24448086767617258,0.082089848581736,0.047427367552788376,0.322251874912167,0.2738959493215299,0.14419349351408664,0.3162399679990283,0.20925610676905923,0.09825584202595464,0.25490941615857093,0.17584352896425634,0.1195234068434149,0.11517547446691562,0.06612263491898993,0.030673812284693472,0.07833901787160215,0.049334689838706786,0.11676985067229252,0.04012157836051946,0.06538493436066987,0.056983595825169576,0.03497982718348517,0.09513251020619318,0.10014174825671925,0.07383304535307961,0.08762056957316974,0.08344899630571403,0.054256773845911696,0.1330416132462126,0.1074579119244663,0.07518889862210461,0.23316599964940715,0.14477730091771326,0.07903785544044237,0.35218009486337537,0.35796508817174866,0.23797895940760905,0.09248183587103563,0.19063375201207522,0.2988997060330031,0.22735629296094642,0.2344432841535109,0.21192278709847492,0.34717894680535444,0.2130265200846839,0.26097595534717044,0.3173125213134707,0.30845695213309643,0.3083743048800324,0.3346247638179917,0.20865595025164038,0.13451950110348654,0.1413780435764704,0.25082403594364805,0.258446367548715,0.21650123951526046,0.10154449594136741,0.17597097495854916,0.22471491777723243,0.20398419867233694,0.19355270450030684,0.18966510136251585,0.2758653531160221,0.18593400845584906,0.2352401155620112,0.2794441932477288,0.24263572748198717,0.2503979720374019,0.27294249179642516,0.09990216805383949,0.09496141336088282,0.1530413112144552,0.0815068552429621,0.08805033345221042,0.0976103907675098,0.10955510234196478,0.119954311340527,0.1186915233264852,0.14773450404638358,0.09923756873547906,0.1102891278420998,0.08136172373870394,0.1024416158587945,0.09918484809443955,0.10053326786358373,0.08621636514398158,0.09138689979134719,0.08832087100734087
m590,0.19832895399669975,0.26400834433741305,0.3097463586729,0.20376621760273406,0.19324503211218766,0.17866837666807997,0.184473052682741,0.1947414733245855,0.209723590035029,0.12976502785088348,0.32051446391371335,0.20768497784651274,0.2413684144954635,0.23199358534867331,0.2402063495361022,0.1727242638338511,0.3281912754292252,0.282202881320908,0.22714042289815747,0.11152693982224048,0.1612807952191956,0.18632879342394124,0.10503498040042647,0.10069674229999458,0.10790237745309726,0.06950812373315099,0.08465478401508754,0.12534894017395334,0.07666184271631346,0.15880350868423568,0.15069936756688107,0.12603006995582514,0.12372509208937582,0.13751932021266006,0.10066114871183975,0.1691225765607653,0.1614016254512675,0.10722727528631412,0.12979920787529858,0.1639843130653269,0.18930890815303758,0.22134960675466472,0.2468265819153265,0.12542563545395927,0.06616819961141764,0.08746051227722136,0.21322778080301558,0.25988639066262836,0.18182741781956444,0.17923789073795462,0.21880073968651895,0.12626485821638858,0.16372132669036235,0.2516698717497384,0.1830500871208462,0.1968571422013999,0.247993732284975,0.2585673117331154,0.291475557450719,0.32062356450381413,0.3694496604943012,0.32996863770807267,0.2459883693209675,0.14750724473638147,0.184789977495733,0.3224356042909133,0.33564837540319753,0.3172669177485382,0.39739164914654074,0.3818967819141654,0.23535729884494505,0.3646476214646504,0.37546214724633437,0.31200854682717427,0.33542403530844606,0.3694026757083617,0.14319049960694943,0.14364285617825284,0.12203170062746777,0.10808736211545514,0.10672158365948047,0.14268474110412313,0.13408807601040804,0.14598046846694693,0.11408992344536026,0.10529337356159364,0.1409309504384611,0.1415659223120756,0.11439998964535893,0.13654308939416876,0.14019865105446455,0.10417384205753381,0.13575362541703656,0.1281743652080463,0.1069768390430146
m591,0.0734468306480534,0.08241155462791167,0.11158326666133658,0.09081949832976546,0.10506838469851511,0.08456090206520767,0.12140855101868028,0.2530728257756037,0.10028806278309203,0.08710606308228758,0.11935982962982239,0.11386239183807356,0.14763561984752338,0.1157426652049654,0.17634475692343546,0.19496678937236384,0.2504400438021534,0.25753188410181443,0.24338879969482213,0.14090267663413733,0.10432460601672301,0.20561382657086033,0.22206950164646694,0.1777602241559182,0.16101595439721567,0.182614760838122,0.21428140540390894,0.2293668698568102,0.163639947393066,0.189072980060011,0.17921997498126513,0.21127718952263563,0.1853982288646769,0.16161833926859448,0.20384138617594724,0.20606128896597706,0.19169934000027494,0.2243114297233769,0.24882301706922655,0.2009781583302126,0.2799475839347794,0.3397153990328023,0.3835197354639461,0.26951564811733697,0.27768826742661007,0.3018820953817238,0.37200122818578835,0.3762589325287879,0.29711431734130206,0.3580225251818761,0.3592147312502138,0.3175442501553289,0.35865423028140825,0.38911476337538564,0.3278271945381794,0.2736439247532939,0.34999542032895253,0.15183487249442992,0.14601590178561133,0.15358136371982284,0.14934426352117783,0.15273333551936016,0.15457247198356913,0.16261281298281224,0.17013529723762813,0.14955963577798,0.1518798612525513,0.16643695288526583,0.18011299027595662,0.16763916045509208,0.16777619671564473,0.20653397324233339,0.1589368262365489,0.16370061854311357,0.17550224456103974,0.15613934231536913,0.11935757311999437,0.11192378967198621,0.09325879193823801,0.07026581005828833,0.08096074543866696,0.11705853693745948,0.11307095494005422,0.09218659258654854,0.06271864136222674,0.067171760783238,0.0958983601211643,0.07982394695170768,0.0757413830250182,0.09160246236667705,0.08450834224873983,0.06608581206208075,0.0890828412047269,0.11637688142985887,0.07341104367792387
m592,0.2952850653620296,0.1501472035094026,0.13710538030575548,0.15760494853002618,0.169100128423076,0.32007146299594136,0.42572069001346896,0.2051369440214344,0.14504382432727878,0.1769979538033667,0.17235206311521287,0.20788907716473212,0.19835175376705308,0.3164662236470038,0.17725517210345657,0.10525603119302657,0.15568180116678682,0.24158585464161378,0.15182220078099076,0.16519867391197757,0.16545342619812667,0.16674168654824348,0.22170403981098913,0.21698904708139896,0.1616167199657018,0.18991988330102252,0.20045469111048972,0.23658730891277932,0.2372891391742597,0.19258072044894106,0.18156552255930114,0.22260687362440615,0.21911076106286806,0.20357003605089471,0.19704133836489687,0.1989950707822909,0.18726674146339192,0.2058510647231005,0.15942931682335829,0.17767563827031826,0.16983248314736896,0.30065612433750183,0.3314722499484189,0.16233069029608632,0.20950397958852024,0.18651173254200348,0.3176585259394957,0.37962029870477026,0.2281073254886165,0.1782263221762112,0.33988116007116803,0.2578317786824309,0.2077810637544026,0.32223878618676943,0.2417046691914589,0.22109475465032485,0.3404578523408174,0.1503419594384948,0.15673495066472967,0.15924254169215968,0.18274953675657432,0.17628277922994812,0.1523246982190113,0.17571245330796678,0.18511433295679616,0.1612019551407658,0.15813220771379308,0.17656800115009388,0.20483180440736107,0.17463843916130722,0.1785321240603476,0.21392233060954596,0.15722451224803766,0.17624215033088853,0.17602755456546756,0.1592690251644402,0.18781760566464947,0.13019431585575297,0.12483703695373234,0.09797962465675837,0.08628992905780157,0.1832495487358455,0.14293534970114286,0.14732601337088386,0.09597023427998587,0.07331497386991014,0.13369934935291658,0.14721507855446955,0.09280243757588363,0.13983583231574148,0.15129356785535006,0.09300076792404763,0.13097388126471476,0.13761376891267332,0.08716265178473531
m594,0.461976652660723,0.31788274829603996,0.2859115808174083,0.21521212556882124,0.22216506040492423,0.47318956072458646,0.42115357442241863,0.28854355062378495,0.2314684439106331,0.23359463585142073,0.3497308163988098,0.1763535470738052,0.22635469915975232,0.4179217990011767,0.2838951523076587,0.2669978277664888,0.3890897634093843,0.3093363128001234,0.29004841168510426,0.12240662989893611,0.16154159689117586,0.20181078849288275,0.19847233487855265,0.1801985040616561,0.12389782167147735,0.1408003316865485,0.1952482820755606,0.20585759971833625,0.1711957249515915,0.1471305093046134,0.18788891329175117,0.18595042358225802,0.1442096836680719,0.15773971224906155,0.1745586755072691,0.14623318444263023,0.16151914452478597,0.16744901390693645,0.09879932954912692,0.2392849282529601,0.3232851519335536,0.38550102580108636,0.3605704742792363,0.10596680730102338,0.1853610740953313,0.2881481330410671,0.37168594946483435,0.3642379886371666,0.2176428956585403,0.35069328259172505,0.3573756322611037,0.18877724612727595,0.28605996918541104,0.3354020734964321,0.21777552096158379,0.3019233106804927,0.32157189948345377,0.10204484045007015,0.18173942223608278,0.1791121381261338,0.15276657960981815,0.16316416703969822,0.1055132883236816,0.16715277867571426,0.1930840370308822,0.15457997926860964,0.1527478362973568,0.20075469397841736,0.20349320659247827,0.18430188899636532,0.1798694019913017,0.24692841149926634,0.1975930659888384,0.18587815141459046,0.21496384868227486,0.2022279750051621,0.11682255232860105,0.12418085547989743,0.09080522149853862,0.07172163516678647,0.08135850709654346,0.11750777465015953,0.13518038781550062,0.10750284423504897,0.07371966877318044,0.0784770105938895,0.12406646119223874,0.0899532136922005,0.08260025805139247,0.13115047678780822,0.11204656813667316,0.08558970704726149,0.11724548383918089,0.10207595885808517,0.0910210233544683
m595,0.24027734474577278,0.2677294529861816,0.29887770743387376,0.22955066592018683,0.18679451463372115,0.3113428214313419,0.32288744115520057,0.2893587014120684,0.18488681347549465,0.1325979466950919,0.23774619362218496,0.2933145212792259,0.2400351653311681,0.3219907616402403,0.33453267819668536,0.2019448472396339,0.27629170721579616,0.2961571898725141,0.22702075526242477,0.07057878024008447,0.1089286371641609,0.08285319020914253,0.08028688875437705,0.05808834757619793,0.07210389535619326,0.09072642006452533,0.13443646490537636,0.07587457601371875,0.043526807624688156,0.11387072532641762,0.13664010972046797,0.08730233872767845,0.10949450213904637,0.1333580604563666,0.08699700177476538,0.11535409496608962,0.14704087699823457,0.08340451014356229,0.09377334809209366,0.163135381487161,0.1298796084246736,0.33903601422871943,0.35842324752937615,0.1009073106202423,0.1282525300854664,0.1920582149349801,0.27922380580583783,0.37531228414711365,0.18370529773526284,0.2576591311081543,0.33873777658466514,0.19077792165142712,0.2240167119033328,0.34029168249077807,0.19482141787457455,0.2532038966524331,0.3455388627719748,0.1249570844992438,0.19328850400744552,0.13542740169782225,0.2659605645178059,0.2760932469195996,0.13113692805969104,0.16663444353934803,0.22273258755461592,0.25002943035273795,0.2734931731893614,0.2010970640865422,0.25060210412565226,0.26214330511840184,0.2027357049128422,0.25303540350224585,0.2541242309062467,0.2023033671779702,0.2249101174672245,0.2587704631680609,0.11813954242527479,0.1262219757684359,0.09454809878718688,0.07602576204416557,0.07213902782475327,0.12080117130874478,0.13868165772976115,0.13057582231544218,0.11582784220899407,0.06909943699725803,0.11427833740430911,0.10823511257020538,0.07435418640156694,0.10949151004342038,0.11838957901660821,0.07803441473462183,0.10341245988750192,0.10179100393860414,0.07068827856719011
m597,0.3062724859082251,0.3010172921744162,0.17828594004704287,0.18593180257032943,0.15946279335521302,0.326600456348687,0.345588921581588,0.2880128113578772,0.18971510826084845,0.11772766272010213,0.3202652154797705,0.27398813382712056,0.20983879472097494,0.349436105368469,0.30604492498115643,0.17319983781097195,0.32959578749545443,0.21079129010910014,0.20986372814603804,0.11135619747240753,0.18283591128284254,0.12164159575409302,0.14665083589861558,0.11524628852528873,0.1317670448477201,0.13787219343071774,0.1717146498196224,0.15740388584959475,0.10581657601756497,0.18922896454164453,0.22371541216722746,0.171469098528844,0.18133375610309374,0.19589931352227466,0.16123098134136896,0.19062300693965126,0.23070471587048852,0.19129124884776985,0.10638261183252037,0.1847683867755913,0.11224749326317104,0.2531646307293401,0.22086341156803935,0.12533168560330737,0.14416693727327354,0.16041109778095944,0.24422862415026,0.2686307077344314,0.20870803088672377,0.22773387220956845,0.3029016489257352,0.2009984347176574,0.21967713865975974,0.34743374818251993,0.2353701797397511,0.3098835114049036,0.3420747728559124,0.11587716381475854,0.15711902903624134,0.15898829994397437,0.21177432098859678,0.20546330649607358,0.1129871921012466,0.15907686617514644,0.18811264105254427,0.18813014308528656,0.17154827501303901,0.16524331281845733,0.23230390015438704,0.2057990092705353,0.1664044606345857,0.21904787000252668,0.17909863513648913,0.15614477136117402,0.17025741198082503,0.18158166761981318,0.16234155963384286,0.13718759224101235,0.14529792391523472,0.11636488206709662,0.1313995433453482,0.11878280859051099,0.15787456607441142,0.1458531100010191,0.12153751796461328,0.12127006203264303,0.13031936126326318,0.11755981034367917,0.10037623933405326,0.12272170815609527,0.1266343601159456,0.09035086168760031,0.10456942392273127,0.09432913537143066,0.08631508569933195
m598,0.3240204802877991,0.23109540363312867,0.23682200577746504,0.14998847961301198,0.12247101769514059,0.3118796066264475,0.28396114937589273,0.2747454372724102,0.1679299990246083,0.0905056962711896,0.2848006164292534,0.1970043986039045,0.16582678729326808,0.2824127301944346,0.2092432757313618,0.1523288693147513,0.2913075582172671,0.22948429470426557,0.16939407754005795,0.21758726673002265,0.2850147460191272,0.30507377462399804,0.20540834096250268,0.1429263905802527,0.18944525704073295,0.29527351240739463,0.2763406856428951,0.27837460140414944,0.14920306100452888,0.2743221489354778,0.2675348744201858,0.17843216583752172,0.2793959756595543,0.2661242831837914,0.267981451554324,0.2906689852146019,0.25409568870394245,0.20104392400363597,0.2205749314069048,0.24144455782402666,0.25909785700406907,0.3505665305206411,0.3697963996139607,0.18304581648847557,0.26296158697459576,0.24522293603714504,0.3326700996944918,0.38586644537879833,0.2739103868827734,0.27963095077701167,0.3469310749624386,0.2767819962282562,0.2854404574724171,0.3489225153584595,0.2883570063115166,0.30025641161107147,0.35068091776425075,0.1600853456085862,0.1607971470411762,0.17639946850209026,0.19546526282913967,0.212081435246164,0.16128159343060905,0.16671122395622204,0.1548557370134727,0.16759162931933738,0.19246260249672584,0.19021095718202197,0.21427407254257716,0.21542050184617983,0.18328131362764155,0.20580273761811155,0.17315160812295624,0.17669818864242917,0.19190445846059076,0.20267535203990528,0.13269985587405617,0.10894373787118417,0.10195763318294324,0.07640801188821233,0.07339628959062684,0.16283709772436716,0.10401997289811678,0.0978135515009958,0.0798699941748527,0.07237217213719771,0.10733769797596844,0.10593193831740147,0.08065863182203041,0.10744815998245126,0.1032459679720285,0.08022203959852461,0.09823666854336972,0.10399215750468975,0.07858745892108096
m602,0.2370853839128391,0.32930173146335956,0.24957275949012292,0.2586393299319223,0.3010057826528772,0.2579361554595189,0.3193143827319394,0.2663516726905081,0.2950909510184724,0.34605351876329826,0.2789927877801413,0.2386837592622256,0.2946856012025214,0.28826455365540665,0.26458716471565197,0.3058682026054109,0.2789201509196468,0.26807689246282757,0.29964923851939007,0.20695127427381949,0.2300022237629304,0.21620565039532136,0.2584830452114831,0.21870422768633618,0.19539533616887916,0.21786898956240897,0.21345926863212858,0.26034650219787114,0.2157767618388583,0.2838541811266307,0.2427084466459405,0.2349907505101715,0.2723351851079457,0.23181874045093995,0.22268690589329093,0.2910302837010047,0.27848307608763306,0.25025664882852305,0.19642864751717143,0.17926818921225776,0.17739629721852093,0.29254710659593147,0.3211847709472336,0.1910283353524412,0.17566081313637122,0.17537546808767057,0.28729947352858753,0.3051215095862187,0.23979048377235254,0.23820301485798745,0.303568153056793,0.22621799625892544,0.23267961325002806,0.3090290775779786,0.2459526702769593,0.30373884247192534,0.3417821911221885,0.16702186796839244,0.15646383624932286,0.16118615545896156,0.22452368094291614,0.2122901202386753,0.16756535938293243,0.1615557668989217,0.17551810559831715,0.22112432232064544,0.22303446938255703,0.1900772133355896,0.2378108666532052,0.22459454759509306,0.19074894417744254,0.21576892809549889,0.22611336093949877,0.17700818952748973,0.18699713727189093,0.18169737628358332,0.10999334498219461,0.1100650149786162,0.10049353478087668,0.08273714709100134,0.0710538062337078,0.11272328164875522,0.12119061739303105,0.1281132737034255,0.07919418921015539,0.07051374193886392,0.10073827468065276,0.10482666901562065,0.08543759158106849,0.10528156639476456,0.10656251807681733,0.08354767825030326,0.09568929273574973,0.08659089887902596,0.0745513688659047
m603,0.30029476311443837,0.20940582165731503,0.13823754194006882,0.15340854099216236,0.12316140172851166,0.3075667120355605,0.18312545354742502,0.1849331097975762,0.11513971640829081,0.13729207782068564,0.17907838350073324,0.12893724691947436,0.1129720857689949,0.10692782167900043,0.1253894079641712,0.09908222487177686,0.19196651508354437,0.11785605167046906,0.10201343156733375,0.1387327509385009,0.135896991283341,0.1152685634550558,0.15459545581800685,0.1277522700464104,0.13212327482158723,0.12054133554505499,0.15763955642797103,0.17414780368221114,0.12217777507349827,0.13671131365701414,0.11759428603674814,0.14558667043586204,0.07409957935800779,0.12347417149400489,0.16095154526367147,0.14616798177305496,0.14824082776993236,0.18400435410015606,0.31462780267701457,0.29647816050766457,0.22511998995212226,0.32744515206178404,0.3480976730911693,0.28998565556988043,0.2546354712057572,0.310684852492551,0.3319511713464098,0.29931622637991884,0.3383268474811016,0.2864724131431916,0.3639213000395662,0.1584393158577397,0.31926011667513365,0.3740863820929632,0.3514284250770768,0.3736572277534419,0.39076848422972565,0.20950980913586192,0.20160894293252102,0.1851568557636688,0.2503837661782385,0.26352918493651,0.20536800858995113,0.1895453232819525,0.24076011328295274,0.24932788065940567,0.27165622391948663,0.21462837371804355,0.22410744092428306,0.23492708770776402,0.1453836912878137,0.25480771784699624,0.2221350755371873,0.21610639415519783,0.21429052819641134,0.19903215519271564,0.09783421772029127,0.10177451031754357,0.11988478734605246,0.09545383073777117,0.09297981513015681,0.102796679602724,0.10655448598940019,0.09966831167778577,0.10101670031197504,0.11727152738543602,0.09587897996109682,0.11180648831940673,0.08901157846995772,0.1227997424692973,0.10847462898819689,0.08644166116016411,0.08986921492191162,0.08137426276713848,0.07441423520339473
m604,0.3961494557113471,0.3787409615466968,0.3808203693534635,0.33647887714767194,0.34824397024672077,0.38128378082256775,0.3855065534130925,0.3079267782675429,0.2379296537799623,0.29313391891360696,0.4053622707088503,0.33674613502209627,0.36315555985890946,0.3902816871466381,0.28726885866516416,0.29169836977216973,0.3647286607319185,0.3450046695246854,0.3258050333141194,0.16418291745591457,0.23359336412050768,0.25766096161336854,0.20834202353368245,0.20780475459758924,0.15803558133728454,0.22578529997812807,0.24589497862398796,0.22772234714208942,0.23077504511649957,0.2429931874043661,0.2275743636617201,0.20746563560142403,0.23404048538367855,0.22133124028180193,0.22416159980086878,0.23219355779474748,0.24418610304354235,0.2327134029942312,0.11728306617056149,0.17018343045364795,0.22492694375553918,0.2979469954643062,0.27795799088972195,0.10843446910148001,0.17234240593675007,0.2235402530085649,0.2997866353067954,0.2610241143734626,0.17416142925946657,0.2232081913005738,0.266810368159948,0.16607829052087028,0.20648913740536298,0.26388172921805114,0.16533035892281317,0.18456038674628333,0.22492343026042802,0.17432947025498577,0.21784893530599447,0.2416035998116488,0.24165830791705717,0.23929871373395867,0.15839879944019575,0.25441942683779084,0.2705661568055948,0.23459589093983932,0.23164207635550305,0.2619197841362812,0.2931310032687275,0.2706688295861732,0.27126690950825844,0.32592810188932053,0.26600992327697576,0.2480329097872699,0.27734014755479297,0.27857506301145946,0.13155344822360596,0.12308393153711196,0.10315724547501195,0.08310505539355248,0.09104906891668924,0.12180225270025655,0.12209058629865502,0.10656295909303601,0.0840155564026381,0.09840777411814726,0.12521425076895126,0.11599996671991271,0.09502883636874453,0.1275242212900252,0.11520615719379311,0.09593849634118032,0.12867143223561994,0.12352598012943056,0.10763057670052452
m605,0.3107337943811486,0.20247955740161996,0.22914346516153167,0.2542569261821353,0.20415484526183647,0.2833246560343608,0.2456304907882432,0.24952143424352058,0.2554382559070057,0.20774950525573166,0.21277613064316944,0.21313060709798656,0.2442507942032697,0.2409299867166077,0.20286615303240896,0.24944596407683794,0.2956273967337272,0.2178975599326672,0.2533402007450011,0.13961207658781324,0.18303897690411472,0.16753229048461196,0.1786536773254184,0.15576889771525065,0.15310964780029726,0.2053255507819572,0.2100316778733267,0.17765770638503917,0.17212067386653726,0.16647315183540115,0.1800390147269431,0.15482887212092528,0.16590630904241543,0.18322370417916745,0.1677275708268096,0.20442191709992472,0.12029907362202166,0.16648008310100354,0.1196698437017762,0.18781534525932006,0.2042157414171981,0.3371586223289218,0.3607848301364233,0.1256645566976355,0.22665948216014292,0.28902195090616284,0.3587490920834258,0.370046907591104,0.16243330220817784,0.2632058317194626,0.352840749295035,0.1906197687826927,0.28436601014676993,0.3503173522769494,0.2135632317071526,0.09151665148212991,0.3455351896667348,0.17567544169023894,0.21336331778938017,0.2103077188990368,0.18728686630375596,0.1894561636122953,0.15458648784245532,0.21779833833289008,0.21489884315365904,0.1800492900985938,0.1826423410405012,0.22408625266082416,0.24959869426089476,0.2043978399459538,0.21604685258005918,0.26722270072709153,0.20434055854481328,0.2021591111138527,0.1776467772869143,0.20493981152826157,0.19678956150995977,0.15358794652488453,0.14950702019991763,0.08601033091113369,0.08111062634390763,0.18077568335019678,0.1248465063488775,0.09644145805925558,0.06832821869687014,0.07016752397419863,0.17349133139021916,0.11687874952505571,0.08392877704880085,0.1464036867455969,0.10926885770209753,0.0790287419882607,0.12976396983212862,0.15938458762735477,0.08347494548584522
m606,0.07503035028177993,0.09423272204644087,0.20006208458891903,0.09685217833477743,0.1023970644191994,0.13262276210084534,0.08063987500649063,0.1033116482295593,0.12548740585431598,0.10786112604814829,0.19985413414638167,0.16872074265508685,0.10763975410939262,0.16474732369732492,0.13845066567130482,0.08260090128428367,0.3449040249598464,0.22432281997571837,0.15560739280265873,0.035909498157380995,0.08608143900880863,0.07514707756421922,0.09196495938891092,0.09308786219942884,0.08082405749490672,0.08198196203491302,0.07657329874233414,0.11541048443370959,0.10336053974330565,0.1462898146113672,0.09914661602907393,0.10870169477986032,0.09992013647002324,0.10985417181969644,0.10682188779312447,0.13358610245660846,0.15062152995521244,0.12428528869617175,0.04175245493783045,0.09328741275972773,0.09302870944518797,0.17562877374981492,0.19709079566887486,0.07887878206472695,0.08463404201785041,0.08706683435565088,0.17288115368763407,0.21096696623792627,0.11232874348494098,0.24458905817397536,0.20898583375250523,0.10492981457600067,0.20928799401350753,0.2221519936321621,0.1322648992187192,0.1272703905156801,0.17663639797740177,0.10535715431065361,0.16397258888145863,0.18443154914100457,0.2814248793726159,0.29402215705489354,0.1704311659728489,0.15880287610102295,0.14541694493587057,0.25159446655972145,0.2851573152486006,0.18533720973655446,0.24604167789537074,0.2719877701632148,0.18942659966166225,0.2595878206595983,0.26724909010699566,0.2202170016608055,0.1959026127764901,0.2654145559692089,0.16960631384244634,0.15276572462553165,0.1654067717217284,0.12718960886233668,0.12248339249328168,0.18547985966775807,0.16843195136743366,0.12680720075940374,0.13083391581058573,0.12243725244620245,0.15427467700940678,0.11915363899737605,0.12285439678025166,0.16055402397111113,0.13203243523201497,0.1193991444463684,0.16025784512461477,0.14887721323003644,0.13252332230115005
m607,0.27248172297283274,0.24434089107074225,0.22881478359034438,0.20698443602361,0.20941493607790934,0.2345126148450286,0.19514183955630923,0.2233197149397661,0.17766825217365748,0.16179194605631467,0.26477223225318347,0.23663175088623825,0.2267763247375872,0.2515638324974989,0.20684457845366205,0.2191507903680113,0.27242493047104427,0.20098476985984437,0.2208696245346043,0.17007173897331734,0.15576702453607555,0.16137101921904798,0.11346265429781661,0.10973172267110934,0.15863871064935794,0.10895205775085552,0.17025583096418928,0.10693449278745382,0.08272604084220898,0.20698323957404574,0.16230539461526566,0.12072548581975007,0.1742001728108725,0.15185624153250904,0.1136733241613623,0.20929057714629493,0.11352147244509948,0.11682428408901664,0.11583215891149021,0.1379148686725518,0.21562788405710367,0.3290062185364402,0.3247991748249295,0.11611685066943418,0.09910883557419266,0.21504455782067328,0.34321927375189315,0.36152248166803896,0.17475062199577926,0.216927561100872,0.3180933965022542,0.16427604391767014,0.18312996915308766,0.3288918114156964,0.18570197867056526,0.08492332659238616,0.32219153003661594,0.15365700182903191,0.1775922479626457,0.22755238879153586,0.2742792876730441,0.2663376819689484,0.1451714813159956,0.12598370723514826,0.2179816985206918,0.2528387626528928,0.25138834281136285,0.25071040159981217,0.30526786653993765,0.28146541849020806,0.22467225664814897,0.24612039841335354,0.2675792135358202,0.2321166473083633,0.1775493121675803,0.27845270958523,0.14383090055584116,0.1135777429752875,0.10313770019527782,0.08051731540183317,0.08164666811206053,0.14582267253007347,0.11003265321897715,0.10168084072157095,0.07789560049574867,0.07049633592737929,0.13409855092848552,0.1224941835663882,0.08236509381097948,0.12825241423938144,0.11748973745045697,0.0804993326667871,0.13087482117005492,0.1635112584543731,0.08082691857249684
m608,0.41634717318061387,0.37106248844060924,0.37375813809528724,0.3244228031099069,0.3020335105860043,0.41104408892582467,0.4207727130495217,0.3973132671264794,0.28454674515461803,0.3163488048799308,0.40798857394301874,0.30571273961952095,0.3439865841073919,0.4077246102033267,0.32335363282571095,0.3390767812291902,0.443132654913571,0.39466332876128274,0.4132143231087792,0.16261196188734647,0.1921657859404225,0.2405790567302936,0.29099593243723343,0.25218174338081817,0.15559259941243975,0.21232866534040032,0.24518928573900176,0.24105421432668162,0.22431634798299804,0.22209817743435284,0.21396580250031483,0.2862555346784249,0.21455114066440004,0.2058936956538313,0.2403664765564457,0.22564252065664614,0.26513871799121586,0.24450007310646704,0.1255039865387533,0.1387651053763924,0.17764973386439611,0.19580009884577534,0.21948452648740685,0.12514240273611593,0.1463321191699106,0.18344855791726153,0.25015913093737896,0.24782851350494747,0.14814172780225596,0.22135576542665544,0.20025254615469312,0.1439518817976377,0.23296918914728854,0.24931629551502457,0.14753347913676224,0.15775682471912028,0.20793806438345738,0.13385274875266165,0.19111756660301124,0.22158339060815924,0.2251776680019007,0.22585574421071974,0.1261659732373996,0.18620108897939922,0.21823948928305734,0.24014707943661273,0.22657015720717893,0.19851055833854844,0.26838614308816483,0.2401892869045043,0.20902062025710574,0.2598095926521565,0.2300296020873881,0.18840909729921793,0.20821982340209574,0.22651975630252047,0.14150084651108197,0.17125565395086723,0.13158057300346046,0.11717952861208018,0.11277188721842672,0.14287311000461522,0.15932848097809643,0.12372500778112576,0.09692291973284102,0.10023981568803186,0.1467527941703894,0.12080119650524267,0.11991073655673011,0.15185064958699535,0.10999304015778788,0.10176854103580885,0.14138411702545636,0.1447400882100336,0.1191508612356697
m609,0.38643614974227064,0.31847386155559415,0.255383225906933,0.2823673605215992,0.22811390245816748,0.44033644579370057,0.3406209771582414,0.26865707097647396,0.2097743424935385,0.20298512681742917,0.322255109420824,0.24282270816160864,0.2089287265216458,0.3558540801747126,0.24659261248837744,0.21264429104491525,0.353013788895935,0.3080136903198688,0.24620821686502245,0.226805163040245,0.30292220685646426,0.3403928267432088,0.2884827218915482,0.2454664878158103,0.21220029541893387,0.28004056522997905,0.340209515214631,0.31052832918142576,0.2413066705256216,0.3400220411034855,0.3284742109105889,0.3201078341517772,0.3217006355560565,0.3515557624431228,0.32369941664216717,0.3326812675841395,0.12805599847013713,0.3402437603256684,0.15204117743285797,0.18955987514006947,0.23880964835048277,0.27583869409483125,0.29216255060446306,0.15451369488190234,0.19692065301821243,0.2532089996009165,0.3009045556637734,0.2845721388628995,0.19960176493874798,0.21450249613491965,0.28485211496462215,0.20513636742575156,0.22713686289738624,0.28835518626924816,0.20537619168423685,0.08810797515276506,0.28269987714550426,0.1505581821537855,0.16311757393983997,0.16304293608206688,0.1926046578910428,0.21439426550191967,0.14645627415662946,0.16415321258747445,0.16878670620392808,0.17185377580077588,0.19755977085459725,0.16806264783733732,0.1882666227578361,0.18735705882827228,0.1677181274195947,0.1879172096266416,0.1805277553126182,0.15967466300037292,0.16781911837920718,0.1778094488035366,0.17580441916093145,0.15399311407594898,0.13466266261264304,0.10777583404724618,0.10013813594006386,0.16971896931936278,0.15491220447961446,0.13094872176786326,0.10244266515828843,0.1173716323924788,0.17247904168149372,0.1730746625277968,0.11377273803872881,0.16979367033548426,0.16460573837955678,0.11330955205591853,0.17519972602380496,0.1603461004963445,0.10634377988412931
m610,0.2550108186507514,0.32977074151339864,0.1411204338591818,0.16222271674900732,0.06184550637684621,0.24607022492611916,0.3128173517755245,0.22851301611902256,0.11922456839840821,0.03513297528500018,0.31084840649581547,0.23091626366428483,0.19196311805048882,0.33423710569537296,0.2322736629001371,0.1544311633678258,0.34098804178599396,0.25597507702527095,0.2018963750306832,0.11405538188729483,0.14265016347565476,0.04000109835565759,0.06608280912303298,0.026021801137937936,0.11736691136808804,0.12212837974240641,0.0806621026331212,0.054561642896671925,0.016025817117855636,0.13260897459748736,0.13581950409684482,0.08303683949054577,0.12474032084473954,0.1324122413257642,0.08067750860133796,0.1367871507626663,0.13663540695445658,0.08908478127358886,0.14453060923653363,0.16922060625597202,0.056808320642051026,0.15568348485659014,0.08187770156241458,0.15181222135025463,0.17074488901607365,0.13999892740830938,0.1576815499815306,0.06314608194406737,0.16655511403588888,0.22946303637085608,0.20343412312788203,0.1775639115815196,0.25949697671486704,0.20540975184141144,0.18822787612496125,0.186817909797012,0.2366936651373712,0.22042609588567655,0.23779547734490178,0.2919570828652974,0.3326921879351335,0.2499723793036473,0.21551753035367172,0.2369262065048523,0.32323991526916496,0.34134229911981545,0.21310741599654168,0.2612103297146807,0.28016489713919507,0.334962583525954,0.24989491615144863,0.2962679048024694,0.32686816043128497,0.25465804851745094,0.2652485705918298,0.2945041162532717,0.1739903705891371,0.16881062807941286,0.22535172104745654,0.16335285610772096,0.21479902276572593,0.17448711785269566,0.2041418428334289,0.19201572288088514,0.16337725079957519,0.21876732576053182,0.17777217714277654,0.14755818622059338,0.14701403742933414,0.1818368798900786,0.12932664249389692,0.14562514909398805,0.1535056490595401,0.15052509099694109,0.13848442245752304
m611,0.30419593800447864,0.2731326502540508,0.38157921765850916,0.34752722686777965,0.20642948517734586,0.25551504294850275,0.34955586749915496,0.2849693722297712,0.21915105480885783,0.17331180070303587,0.3902432964865734,0.40122730708558224,0.2895238757024933,0.3050623063458292,0.32483409889546705,0.20520742570493378,0.3374613816544644,0.5282515169778051,0.2557582449575703,0.0774746122677955,0.12467779880143627,0.1340013273988157,0.12791970106113734,0.07781781080916073,0.07083809676908237,0.16381614702759678,0.12793673615027418,0.09000001952729357,0.08476548261086511,0.15784195539421647,0.13135208164131815,0.10232459988280918,0.10904778797225131,0.11075669880391945,0.07256862114872507,0.1326242818017097,0.11346011670720137,0.07049628464840806,0.12065077201851869,0.1993006020444011,0.2278002505045229,0.29829101427956634,0.3657610938056492,0.11453550726442684,0.13407054711049288,0.22665357124408456,0.3465552228288176,0.3142661176500117,0.22816491121665464,0.2991218010160636,0.3195395833388244,0.216668538339355,0.3094664368199315,0.36955525289873054,0.27069345294813557,0.25577956975311283,0.35649658435038084,0.1297470120486659,0.17479460469962305,0.18945750047671459,0.23155907149133137,0.23856162186578928,0.12833125140710094,0.11188984517768286,0.1923794347067141,0.22085443976764604,0.21749294922180362,0.18207258595153072,0.23197889870419824,0.26031279670123086,0.1818033079543065,0.2375505531973215,0.23611595123199774,0.20429910318206093,0.20701354962901278,0.2501717669705423,0.09398849894171084,0.10624711965512985,0.11361157771119759,0.08716543047655323,0.07605960603233891,0.09437334740177883,0.0873178257024581,0.10818880014177461,0.08090460840646889,0.08798508352954874,0.0933907833488996,0.09700972226474704,0.09034936966386692,0.09668203116401394,0.1001886065971869,0.0735967894365201,0.08852297965821838,0.08998653981244721,0.0713887991153799
m612,0.40770844173126647,0.2819528322473248,0.24153321195429298,0.19984028045074867,0.18701718357051167,0.3606772651971197,0.23168730658743175,0.12013286510526532,0.16751221118640858,0.15509135537112465,0.2849948050306079,0.2861407756700958,0.19689399471850913,0.3945245357855518,0.19884962488481836,0.22705623134438327,0.30810047955534375,0.2970916174157809,0.24135953096095206,0.1064233377065181,0.12519952318090288,0.1371928294834972,0.11566016540920326,0.10613570357613804,0.1042104782050186,0.11511939847915248,0.0707815025551086,0.11713208638781623,0.11290240709284761,0.12103874373182023,0.1404779084697447,0.11284240692315807,0.09371829361654822,0.07944554464682006,0.12275360075751879,0.11722250224124608,0.12846457609847128,0.12464865636658977,0.1818768888565878,0.2393759011444983,0.2134235935803858,0.2589230370137988,0.26081729032472667,0.18235837991413653,0.21186219378520843,0.12210436909080999,0.27366925992519625,0.27845572715814404,0.25478094803541396,0.21105809077438822,0.2865622162448952,0.2095673086681224,0.11188452461729116,0.2767527952889867,0.27460753074030175,0.23228398261698088,0.29823794455516006,0.1903422665219359,0.21583942327737196,0.24128683320439795,0.24682101964548658,0.24581584244998222,0.19415784239457534,0.19925908481679452,0.20103266953175264,0.2451935458601306,0.24751697196617145,0.23456560697013915,0.27182615643413016,0.25407685586867546,0.2344005078561464,0.1832278566744395,0.2601528609889955,0.24431578788704447,0.2388546388369203,0.24077820229489297,0.11859183967274271,0.11643548460797476,0.12623412276485527,0.11769250580913823,0.12119030715520578,0.12255829417241126,0.11173641390252902,0.18041871010991126,0.11433810891595615,0.11404365121601992,0.11277803823073067,0.12832753061085175,0.10420250031887425,0.11644415812630503,0.14340809348140363,0.10719839989344071,0.10414200176914362,0.1260915967091554,0.10111008577840902
m613,0.3178275135660632,0.17079358077289206,0.1980435536075522,0.1806063613562631,0.20693504702501958,0.5105033536380427,0.2110334448924085,0.20690035574953147,0.23139183543240022,0.1821457949844488,0.11765971652380908,0.1636625799443863,0.2020802894468508,0.24294970375403732,0.23642956495167242,0.18993897381571148,0.3504070824693862,0.26623910893737374,0.21858966487900086,0.08478081011590435,0.03673440354928213,0.09698361205545378,0.11387299872011025,0.1154961727411543,0.10999358700082446,0.0724252529821414,0.10028570373979674,0.16676933190827567,0.09473519360460077,0.01698884944061257,0.08149048655057715,0.11915793971834665,0.06547233884835724,0.1269020156890934,0.14051690755034948,0.10985998237381324,0.12991307857771392,0.13626506231587418,0.08500193584666778,0.032584370480747346,0.112402884771525,0.31508209967312795,0.25770471173549503,0.11851208157319901,0.0657666930352447,0.08869808416224342,0.23479080743607694,0.14550137252734505,0.016848859852471105,0.1273697948965172,0.30771481467171685,0.0642394025421019,0.12485728033377452,0.28223009517613035,0.11833965319146275,0.15666898851429206,0.2925709844236941,0.1073603889560375,0.06684536924997353,0.13278800093538415,0.20740462766778,0.17723776127695406,0.1304706300518439,0.08453409542062104,0.11604946320691302,0.1716791091804468,0.14828629554613668,0.054651943372690255,0.14324718699957695,0.20838304118883536,0.08070545816584782,0.15579830111936166,0.1871983414856595,0.1299931337326753,0.17348729138607405,0.18906393070964056,0.10735630308022483,0.09677436043828173,0.10526009653709133,0.08837798002351276,0.11263534489294985,0.10607583421166222,0.10630033950192933,0.12592193666812987,0.11116800868998788,0.1487684240018398,0.09739794660927054,0.12209318625438416,0.09105096497554152,0.12650277500564716,0.12265862328234836,0.09729210999089417,0.10951509453943482,0.13195959092414938,0.09464449675068136
m614,0.289959486660561,0.20080526340289345,0.12791476766022006,0.0912144678559703,0.08267280045715027,0.3003121428320145,0.2385619087883625,0.12532522424614959,0.11206467515262275,0.08175398162231105,0.18633211090196097,0.08463293941321211,0.07331867953078679,0.18658545170216786,0.08427094789273222,0.1132459121992093,0.20006204037327197,0.09580239405947923,0.06851863149321609,0.1279516315690104,0.11933782730283495,0.11111397134336619,0.08821284835688044,0.0589133477624779,0.1272895692680403,0.11517534177718075,0.10268884980607804,0.07740898973867742,0.05752835337725484,0.10593352219615268,0.07832837380484477,0.08068500157448116,0.10996042770263274,0.07454905456746433,0.07377839323921898,0.13731805056675891,0.09833153365766877,0.08049493389681998,0.16072444949048253,0.14936035448611856,0.18152997044929114,0.24354772441105182,0.2895656034555488,0.1667939795856422,0.17035930351046027,0.20270332495246765,0.24870153677308773,0.28876417348622685,0.1508918369209805,0.1506114820084169,0.25016677761953865,0.16582028644832322,0.16607701422292118,0.23451888726172762,0.17252160788468654,0.19230056725843117,0.25275148914332357,0.386808500838204,0.4125552894032619,0.4491679839326165,0.4174165982327509,0.3860133476304515,0.37620634922142376,0.37362320197090293,0.4264146760728496,0.4054360632193114,0.37843796730465434,0.4555329805787176,0.5065912683090922,0.41551903238999555,0.424045837469512,0.4813496392125782,0.4221809438979159,0.40900790540186344,0.4149998303166773,0.40227832480793185,0.17850020910471043,0.17972907700504034,0.16031328964331804,0.1324125225491567,0.1114248995533496,0.1733684003708838,0.16817457633881971,0.15389410842563017,0.131680738521819,0.11297585230084141,0.1882820216843192,0.17735918684530072,0.13222179611496968,0.1833744097323484,0.1701430997851312,0.13772380340931953,0.1820095252376038,0.1748873447700286,0.13231989255796434
m615,0.23992003911350013,0.2684793535996048,0.20663104241923638,0.1266983334262192,0.09991116805884563,0.3856101049278814,0.230419171043337,0.20442785297681967,0.12919079066528458,0.08494620847906367,0.29627024682838077,0.18802744096489446,0.11807065182480228,0.2365478989883048,0.16219470473937794,0.11616787136213848,0.303340651957477,0.14626086328815235,0.1281936561628169,0.1535832282491597,0.16059466079135357,0.1715296807447415,0.13574229449709482,0.10008193799254132,0.13993397696378954,0.15535361752556426,0.1722961010837877,0.1339055166209621,0.09826355340794772,0.1960205791194603,0.15337114205323676,0.14476797247164344,0.15535523108263638,0.13436229741919414,0.1274435018460315,0.20089065249770124,0.15126287187963253,0.14756456724614875,0.1742195086316443,0.18589085166502853,0.24620822981662077,0.2959980527723451,0.328538000724763,0.14387677545166652,0.17661895879853934,0.21230322109727007,0.2947986660866387,0.32324947463869164,0.23947286928437592,0.23836273179799203,0.31034758752612196,0.18622092754286143,0.15585779108599293,0.3031748883943769,0.24791917190019622,0.22909721414274242,0.3200821886274809,0.20933895039244002,0.20138303591680684,0.2872035831840655,0.3132184551664677,0.30647343478106265,0.1762239776296819,0.19192276637075478,0.2556403309549001,0.30562586014020826,0.2980756732432851,0.24665105628244627,0.3148198060268246,0.29766393130781166,0.20964389093040028,0.21896972180960214,0.3089205116780885,0.24791920161553166,0.24542969707344073,0.2873576562309886,0.12922300096625447,0.12627730012186206,0.12316575543570554,0.1074777686862852,0.09570414912836195,0.13617764844087643,0.12357490992730723,0.12911837394111245,0.10526713637666289,0.09865968687373275,0.12225237139568296,0.12582695961173432,0.10360638338859761,0.13097576268607383,0.1366201288413809,0.10206932448915297,0.11883804821948578,0.12791749911398811,0.09687081794509846
m616,0.22051188428664828,0.3363667775552026,0.25393752595558683,0.19816348565333133,0.15124198021700055,0.19941333819173623,0.16384397379967983,0.19284910037042471,0.17562965123188215,0.15000473848944568,0.3276351956965171,0.273625320139174,0.21132973062461397,0.27078659285869966,0.20392948086793394,0.19875197182683912,0.3043931056628077,0.23810857865315543,0.269827228718766,0.16250946909211014,0.20588857749153902,0.19383283598390127,0.17105744109728174,0.10851837760929992,0.09847740902895856,0.08684424332138911,0.147565874293503,0.1652531431112595,0.11356623097211276,0.24213005491981324,0.2157855084169521,0.19394991943728035,0.20520321478122172,0.18987830745467432,0.18709055046113307,0.2853569840449094,0.19978958478334644,0.18322137643012432,0.13857867171581287,0.17366093965450774,0.17385241559823159,0.1802795502842104,0.15647088673897186,0.08387754840955468,0.07126895381441369,0.13698176276583318,0.1812084806008663,0.15573646690529175,0.19282899103339343,0.18809556813944606,0.21278348893645996,0.15947687333024538,0.189123985707863,0.21869395918070367,0.21429675046227678,0.18967174970857087,0.2414190902165325,0.17977212180342667,0.1996822510787625,0.20834381498972665,0.25084866605525585,0.26633832093900733,0.2301770625859528,0.18174668887008993,0.1794673171615508,0.26822866766053605,0.2738853965749938,0.21480736598013384,0.26526519842063034,0.2746556291794433,0.2088573058923975,0.2523461854228443,0.2787622738800554,0.19087533524633557,0.19589226282429498,0.26408954297837,0.19071221981645095,0.1691896177166251,0.16375439716741513,0.16831991840864186,0.18378136040568496,0.24269052758070062,0.20502317601221934,0.1537737761744371,0.16296572936239773,0.17948439420189616,0.15916225083895294,0.16495271844286585,0.14874908738773795,0.17664795848235956,0.16436284087243802,0.14715367856345934,0.14700498910942625,0.14320751393595937,0.13499012801862384
m617,0.38995391219685566,0.36657070117177526,0.333890870331186,0.19465540311298693,0.17061505793165396,0.3812749845576321,0.2881778302051832,0.2668128764079165,0.18725534104757408,0.1506718115997947,0.4110991172517524,0.3254286113168872,0.18209323425640658,0.3466642151191904,0.24125310469576924,0.1827404006200959,0.3989963962552063,0.33209386525297596,0.23570067961898566,0.13151825236804454,0.21934255842235598,0.23575102772816298,0.19273073623806874,0.16083226649143315,0.13225218265451563,0.19674490881355666,0.22931565812156038,0.18425579319846813,0.14694859293281617,0.225532899788601,0.21727977193206033,0.1545413419799312,0.22257139464110223,0.229234854740747,0.16248454678211707,0.22751442395255997,0.2434631677817101,0.15942992270678888,0.13926431194998454,0.21241079511772903,0.2401416318599324,0.3343630723647613,0.35516779065151305,0.139214837190014,0.1741896216389813,0.21410016381937186,0.3283571154004016,0.3619309583645319,0.2087656789837622,0.24747385605858127,0.3363441238346784,0.204401178151492,0.2178697291376168,0.3316558719802628,0.21660441132880406,0.2227162212490579,0.32902929856183505,0.17253931748656148,0.20886253267147434,0.21874011620126738,0.21405199167064445,0.22218424532853598,0.1854836904891895,0.19847116456631891,0.2039382604550154,0.22085903062813123,0.22460645604480453,0.2339186652683062,0.25466889131759785,0.24045979296248013,0.24741129554929175,0.26640202183945555,0.2335371743972135,0.23135333259888993,0.25035344364745454,0.22978088397119065,0.17383103873989195,0.1121200228987903,0.10707805563072291,0.0759125247243256,0.07383867007649793,0.1606574032048816,0.13791341790635347,0.10965326712913342,0.07853564512689408,0.07325878258922225,0.1174005202336131,0.1070090208214981,0.07501565344668513,0.11576394350392916,0.11413396240911122,0.07790196943085606,0.11003578869117206,0.10122334458957072,0.07457246583614788
m618,0.35884418272482277,0.2831086141230504,0.2934569521763001,0.22415427704531898,0.17427873516325249,0.472026540373438,0.2542618752445514,0.26645132538153865,0.2205003416597735,0.1715829109043783,0.3661482268724315,0.2494819920810094,0.25560913025624976,0.37011951404074994,0.2724736595757674,0.2395865016330724,0.3226428458891963,0.3727086071119328,0.2700732054591788,0.17421031841671575,0.1286726729964489,0.17224871463801242,0.14040289692851032,0.11787557669142369,0.16389722735414092,0.11565784001182312,0.16012935970287545,0.13414601099658144,0.11415791556981182,0.19006388789876533,0.11988223745193553,0.14705743470996857,0.19068824775289803,0.135008532584862,0.14623504167957307,0.2033496958736209,0.16389743473528975,0.14928794089179392,0.13647472854079792,0.0984471833105072,0.18287668267321386,0.36070190901272503,0.4028195958778901,0.1323432404785771,0.09928750140005083,0.20506340007681997,0.36214570242553773,0.39386819675032625,0.14410418624214544,0.10352229869060746,0.3252283254364563,0.14462617596965638,0.12201649409345272,0.3270943431090755,0.15914523177644724,0.14298316526590155,0.31183935284989595,0.18453097012332373,0.12249864910187155,0.18018313276047812,0.1959099590123099,0.18453788787995093,0.17352812033696008,0.1106368110949878,0.1830507195221726,0.1878465341860767,0.18137060239877562,0.18152655820735691,0.15242466766144305,0.20928903561535556,0.17574439637646835,0.1465643090351459,0.20781893558355735,0.20427925499749883,0.21678270877792752,0.21276909074002526,0.15135556466392877,0.11100374239886304,0.1102591578410983,0.07409048558398446,0.0634646080610167,0.1463165242430422,0.11250536927462995,0.1123782565224108,0.07248451107187477,0.06756248277770274,0.1307670502124096,0.11781403850109899,0.08665652720092352,0.12001837617343658,0.11161907512503781,0.08369156792354765,0.1381832856404092,0.15727044970627474,0.08944457000709745
m619,0.19901032978544547,0.15972155469810265,0.1261848611890255,0.2079025889372427,0.20381225952670068,0.2067643200716826,0.2858186276832781,0.1555876735013789,0.20536216602011084,0.20280848661392756,0.09144613468937027,0.16758398015076068,0.2162626149627472,0.37090064354475993,0.16864140849030007,0.20173670625253426,0.3384647239861723,0.25148983687802173,0.22267176709778666,0.14379238218404244,0.16107469899288562,0.2046951795805832,0.3050261478751608,0.2881525800064867,0.10385954598932304,0.2538328266394013,0.27367253889774074,0.27539164810894085,0.2745382667043625,0.1304812976659483,0.2582774882864118,0.29040062288314183,0.2502002702686201,0.27785881180732624,0.277591778196811,0.24238847440832845,0.2788297913952804,0.30047009999130175,0.1748229842364951,0.2172188116722203,0.2552617616115891,0.37341668719648724,0.38529134749845245,0.13311575702078995,0.27649150265339545,0.3148086885484661,0.3720785005199062,0.36390791307490267,0.1958328325967726,0.3001497541121768,0.3827101635000115,0.28505566274154354,0.36236525373805956,0.38394930924686627,0.2864392998863832,0.3513374976504822,0.38315693627147734,0.11939551508169376,0.13164299483526523,0.15335932868014276,0.13759758290174498,0.13107509953780436,0.11180363906128893,0.1554652662214941,0.148111619894116,0.1377954469957983,0.14485946898189672,0.12612011224033062,0.14551354157332155,0.13763958420649888,0.15263181894048716,0.15846406451395362,0.14013747096303875,0.13478255586077798,0.1364455512577194,0.13684802421074352,0.11457394501853424,0.10238275281402263,0.1103562051422001,0.06979251899497015,0.06509959631533749,0.1109660136834695,0.1028300769386313,0.09094324678715097,0.0703733761418858,0.07183201395610454,0.09988173876294659,0.09116593783619097,0.0687738338271925,0.09885758245559133,0.08244851483723936,0.07025209734925224,0.0925467435208953,0.08514463700408488,0.06854749858415123
m620,0.3204672200583779,0.3299518776817175,0.33147249660403655,0.2898511203778711,0.2460205824178493,0.3544957285780712,0.35225177952400066,0.32839879303956626,0.3071332860553112,0.27828710177894384,0.32031126053126074,0.3127580654351585,0.2408288208830896,0.34147209733523615,0.31132962018411414,0.28218790150379436,0.3444238706527472,0.30841052581898526,0.23377413769180302,0.1368118901104347,0.18073452066260542,0.23047109093238782,0.24705772954877503,0.19853178082530964,0.12640426971962143,0.1617633837609979,0.21704886881972935,0.2834465652128696,0.22405089262866135,0.18476786319034458,0.22313804343019286,0.20113262166787516,0.17380138118011576,0.2059714155666182,0.23565011430737076,0.1940065032631554,0.19622613542752804,0.17724565509734175,0.16976271689728745,0.2044883658632678,0.23371016884768078,0.31615749873875076,0.36720091878001204,0.15788585625448046,0.20049260457788146,0.24913988610670634,0.31072440366539517,0.34548528157870934,0.2282430022312628,0.24255002546924592,0.3613054760371344,0.24289602185245374,0.2672202081190369,0.322280449261617,0.26893881254047575,0.3063948367089523,0.38328782616837165,0.1707600366433038,0.18032317262639133,0.20256902874043722,0.16928946105841275,0.16011282743534702,0.16503789911918829,0.19992181259834096,0.19852342164128153,0.16157556659690436,0.16134292654577645,0.21574873450134965,0.23222591326941025,0.17350764793403578,0.20771048223349972,0.2239937863140501,0.18090577555633175,0.1937801893927379,0.19836099692433387,0.16960135949382474,0.1486780213660549,0.1287387997293721,0.10579517605038594,0.07970673640113145,0.06800254765690691,0.1613680653731073,0.1431477651971528,0.11891979446472517,0.07887578183274918,0.07174872633134641,0.1296644146491897,0.11374379180800255,0.07304771600768836,0.1209967001407171,0.11040961660398439,0.08147508260709188,0.10151926438160833,0.09502828812161736,0.06618474409434777
m621,0.24544723747998856,0.3735301475602909,0.3086974564370949,0.262253303370762,0.2709956435896898,0.22544277934518242,0.3269855366780083,0.3825070749674157,0.30158334556683675,0.25506475251202076,0.3654577378675253,0.32026620290970675,0.2948866195510171,0.27256540056057094,0.2841449659405495,0.3310661538202041,0.2595309623452569,0.2930396596386099,0.31985509676266344,0.08286465640136398,0.11395286812550343,0.1633822726898551,0.18480536535568487,0.18399960422649395,0.08223168115031704,0.12121672109296472,0.16905620147004868,0.2548763487792538,0.19642579094905296,0.1414737926083562,0.16914786235842047,0.17621982815394627,0.12389529102322716,0.17568869807693846,0.21059555929482843,0.129640261399076,0.15393824418491966,0.1782814558683409,0.07372028843418259,0.14215555930826973,0.20460474840324033,0.28162660990329863,0.25531706359874773,0.07909193466860957,0.1439034056337885,0.20400265760280809,0.26085764267148515,0.225847529464958,0.1579099755557162,0.21124448487722675,0.2417311896154853,0.1501904233200104,0.20952821448781297,0.23284663508256573,0.15333580060390103,0.17295976941369307,0.2213430333235563,0.1501883403809836,0.21459498656883044,0.27364536269497086,0.26390007422551226,0.27853885901184483,0.12469066812210237,0.2084097770010988,0.2615515107061222,0.25705151148968725,0.26868518747523235,0.28654716726232976,0.3296880363520815,0.30754985853437944,0.2691410059950432,0.3391022336323024,0.310339525457724,0.2719928069378709,0.32332242999576216,0.3201315016724599,0.17145192060856088,0.12156664965044454,0.10673620021728727,0.09003302150890276,0.09991731821837739,0.1270919745386034,0.11793764905942299,0.10483526308781617,0.08919859078613188,0.10642853854523149,0.13890126465451394,0.12424684499974535,0.11015119506526146,0.13055566035594474,0.12522510498945477,0.1066945291549183,0.12988708960401638,0.13566577052436418,0.12180142858492136
m622,0.1540322925248236,0.26229065069297713,0.25692458154983616,0.2740239257111961,0.2298219853260844,0.2956936865240501,0.38502166193369913,0.3429807765438358,0.24116076596056596,0.16030038623016624,0.29692254761192266,0.21861621403778783,0.2665233989403104,0.3731002251125314,0.2368108216080475,0.19069659813593115,0.33048516831788477,0.21668288877222747,0.20985129655681978,0.04965959653448176,0.15106373941720486,0.1463561614241661,0.1589102576858755,0.1316974642094356,0.12091707712541801,0.13307803216717212,0.19274153140989295,0.15280201800542298,0.11994070242767658,0.18827329941882195,0.1513219898997987,0.18460241857498852,0.1861610337899863,0.12518443475355512,0.14030381454743623,0.2264840387634455,0.115002110114699,0.18306889926882972,0.03455976273720881,0.10737522052182276,0.1287345199339025,0.22431073813874644,0.26239395662531323,0.08276896371145434,0.08351751916860786,0.16277223313586697,0.22410489255882587,0.31234079518885605,0.14779978432142282,0.205673834834226,0.18498973170512903,0.12879993932543993,0.21260413410785975,0.22521991095887925,0.144478413844879,0.08257618813088134,0.211086136924138,0.11884543902588125,0.15803728704566783,0.18163270247573518,0.22846154000228508,0.21282027962757888,0.19555413241745886,0.14232967783597628,0.21655887993436623,0.22632965637446759,0.21907175468650222,0.21096013189842586,0.2964472425968308,0.2532364131462195,0.20754266925349793,0.3010016766225607,0.25389451490290493,0.21490595855277264,0.167634687626709,0.24658777919345248,0.1461273198487468,0.1480015746949828,0.13564617238938384,0.13154603282166688,0.11957483491324686,0.20617225906472048,0.13934625136116705,0.14716354883454177,0.13079071718158441,0.09933817426971592,0.15640298712019862,0.14169728381250887,0.1454760070167081,0.168475555068278,0.13487242106708516,0.12508439515222444,0.17156983888155705,0.16639972937116637,0.13118074920627776
m623,0.2018706442615742,0.38344961719750603,0.3444148478725857,0.20924954040660246,0.10888289147290751,0.2191441781436669,0.4789408153297349,0.32435858182616345,0.12622928764923122,0.07956019843286789,0.30031880486719914,0.2880167817023196,0.17427531572395116,0.29367163058009965,0.350661559155641,0.14886034706279178,0.26030842069565857,0.2564290901946561,0.13300977946858017,0.10445539165407774,0.10241329074172624,0.12410883154229031,0.1169948921736643,0.07546483598997582,0.11692614218757652,0.10755153519199123,0.1363321597343964,0.08036428655298392,0.06406872257918793,0.11330093744215496,0.11020113568149249,0.10572489599528413,0.12761341954925345,0.12481777522448836,0.08172396613790119,0.12185225935181712,0.12843364077654854,0.08090101876936871,0.13070157575042818,0.20502512591527974,0.25970724059089395,0.2677810169059071,0.3594436859647064,0.14636336062946004,0.19806475890803021,0.26543021851204673,0.38449139066830945,0.41385156282037744,0.2456998814616394,0.25988808590703616,0.2998502826155909,0.24032802044280852,0.22871634033210578,0.38187069543337504,0.26071410573639636,0.2241305734895804,0.38556169960284076,0.15790050768939504,0.21667540534861007,0.2615213781912041,0.2568529762161926,0.2159000705759277,0.16969331102444732,0.21657383881828662,0.2535417475903525,0.21181611425105423,0.20629406289826463,0.24042637493222532,0.2934225471680456,0.28602865957691176,0.2468543491654313,0.30589446012484306,0.22906111593921233,0.24603269914347456,0.2995079066495617,0.22992899077357287,0.1341589678808088,0.13051883766286665,0.11964645620345604,0.12009132863691281,0.0933047924344626,0.14026560762962173,0.1353319329522338,0.11753382487178185,0.07987195165586432,0.06830189907922558,0.12647473352451705,0.12886483405582957,0.11099396676813997,0.13066275023338267,0.14053392377210946,0.07994793034100713,0.12430256094216387,0.15984398648609902,0.07690618674653786
m624,0.32325960592561814,0.33116608912422746,0.2425520273980238,0.09347700683669696,0.06520534306233781,0.3290513262408999,0.28564104360792253,0.25517813310034576,0.14752366575286227,0.07976177216199482,0.3251427968579336,0.20384209749549007,0.0854754941903766,0.29405188017606443,0.24299007757703817,0.13365056699780975,0.32330303613547384,0.24861428402360153,0.1308034768644105,0.12715152639915347,0.1474715900332984,0.1194302018096826,0.058571451921648955,0.04527074485381267,0.12733753670054632,0.15076088637098414,0.14182368036068702,0.09903633849242026,0.04859034543102247,0.14365997177251263,0.12398794941898031,0.051879042415048045,0.14302405856486927,0.16510133075021063,0.0883983471375909,0.13119232668978084,0.11018056948489044,0.06390532699423856,0.17391512522713373,0.24025137817343972,0.27787214242112024,0.39731620823634095,0.3469567607022674,0.17271186687363949,0.19940482947482485,0.2220025718345573,0.3644618975021312,0.32292148861640696,0.25267240834441784,0.3024948454736032,0.3949260777994514,0.24613700261113006,0.266185449067008,0.3574478765854142,0.26990581858396867,0.32282542524509367,0.37357302406006393,0.18816991477859696,0.2425098834695448,0.2661337498592882,0.23386517680371546,0.21955890658228022,0.18045705799284956,0.21219409486979038,0.25107610615903336,0.22744085994346935,0.21858978805579385,0.23767652482397836,0.2746152492175729,0.23525130254444107,0.2317640321512349,0.26974194841208365,0.23719342983104003,0.22898419608633902,0.23997198003063194,0.2359494737732055,0.13675815694232296,0.11890456414988992,0.12311964370396038,0.06464794833324879,0.08897765626163975,0.1315748033967983,0.12429887482098469,0.14177651643740724,0.07715239334506702,0.10399749731485568,0.11195925754169057,0.10056235421341343,0.06474450003280906,0.1134708738930663,0.11200217335549234,0.08251603645821776,0.10311705807830467,0.08751616489797151,0.07269300289073984
m625,0.2288353783120131,0.12958483513918764,0.1487707503427533,0.20398456988115765,0.17194731159235652,0.21542276440971733,0.25112937723348205,0.22508493472316948,0.2566540956065947,0.18603906580543958,0.23020768944787412,0.17784676838513133,0.22013314863547231,0.23943908283023552,0.1959319514066903,0.269134907626503,0.2544242159569536,0.22726218495433986,0.2646872428813806,0.1449303160159298,0.1334079134483682,0.11998845763787154,0.18461810784610086,0.1458271730452968,0.15316965591944076,0.18442941637851046,0.18205273795462035,0.230157040398497,0.1475841211995322,0.157607527950603,0.19102569243347983,0.16420389534963056,0.17915007367499156,0.23387409148680954,0.16932333308661704,0.17324687781243156,0.12390709798480257,0.13774816930330872,0.1902591165917838,0.22093828413845437,0.17022810637049296,0.28621439696146617,0.3335382665883003,0.19943378850867233,0.24121834572947998,0.21560988536538003,0.3088081104416582,0.3460287190978475,0.249799475519167,0.27193845912677106,0.3188609026551034,0.258989686872576,0.27342524752505903,0.3133327682045791,0.2731499875088401,0.3158942712790896,0.3152272242105663,0.20204524746364447,0.20851172226388973,0.2313395421202714,0.21266236211494632,0.2404200641456714,0.1972704905735471,0.20816780033685398,0.2011843882327943,0.21762042398680762,0.2370004863602005,0.22929957537265908,0.2550674579192818,0.24080382789758492,0.22361553783649615,0.23153790078457995,0.2405407347626165,0.2272182421287236,0.2639312455676462,0.26207295571326816,0.1539335262854481,0.11209965732144511,0.16310659438410322,0.11226357223384456,0.08844044077351366,0.14431340005651325,0.1254455797461141,0.13348960965458628,0.08381021160833818,0.07790768410526895,0.11911695809375884,0.1139924875432431,0.09337664844932585,0.11156545198455795,0.11125894782780282,0.09040911089905003,0.1021188385764485,0.0880865955131337,0.08991752897089417
m626,0.21426468587007896,0.219051390390312,0.23921389394634487,0.16967145301241215,0.12618314719378962,0.22597837823245026,0.2702917051265187,0.23041906532188428,0.16539731182112025,0.14126611687671875,0.21876367534984417,0.18938052471253458,0.1546218419930467,0.25293946379284554,0.18370581546168493,0.14774646967415356,0.23512432577639839,0.2297664728374216,0.1882873780762212,0.10844136217020084,0.10584680103691721,0.11412392395982424,0.07708095873522856,0.05723069007899512,0.10404088211662332,0.09814749401570948,0.1010458833505357,0.06357283808587727,0.05835321525224052,0.10178179663093143,0.10420390621234683,0.06914529340539717,0.09752393742239043,0.09476148318435344,0.07128217520668907,0.09810606873542328,0.09782767580047258,0.07287879288972852,0.14747935677460766,0.18515618086423424,0.23861948623328857,0.3247671950924679,0.32482327160591795,0.1479985339165665,0.2003458771179419,0.24965591400917642,0.3213082293313561,0.28150259998396304,0.19976340627007158,0.2064787982934204,0.3076785048668508,0.20974882286957894,0.22628599145819658,0.29025551474174355,0.2124840865021694,0.22254809061008654,0.28943023563554127,0.24158139987765528,0.28733119464630436,0.3102080477442925,0.30036182286907803,0.2990686121739035,0.2464468738252737,0.3129616256882923,0.33760695097640026,0.293940337490077,0.2963873805856293,0.33805832520340745,0.3660097334754348,0.3283870382676736,0.34736678398301535,0.38199819926119233,0.3364543797698237,0.34223790400491455,0.36580601944380675,0.34653674833085446,0.18068670226442562,0.16103098089157425,0.1289565850252977,0.08971222998803441,0.09261609270779277,0.1771976449943349,0.1570480702324598,0.12177882103953007,0.08856588798948452,0.11174647926781558,0.15019994091965394,0.15353803237922586,0.09978440960785041,0.14801885632593598,0.13691199618969782,0.10553549524660304,0.1417050926003266,0.13583437521787212,0.10311455809703453
m627,0.22184901847691257,0.1648942367377487,0.278946894981443,0.43783019443375465,0.3226609055415381,0.24946017631412626,0.3513262876042097,0.21574337575021132,0.24308713287002062,0.22741607934743704,0.12284308948165856,0.21301181665938834,0.30928523602316454,0.1335551849419213,0.2041065181617045,0.24603749111348433,0.32780289039223925,0.31871307023123,0.35066217970333535,0.07064804146689273,0.0934288528028487,0.15493991337081972,0.16008868493409184,0.13767517646354807,0.08409425122986523,0.06323222586072808,0.1194407103083134,0.12623209261855045,0.149191722404873,0.09817659983390215,0.1148877363721353,0.1421640400644607,0.112056638959132,0.15955964326477323,0.10955223614701522,0.11707547360849348,0.13530566626971358,0.1329974613312986,0.06647609366463164,0.08912614596205852,0.15047156880319107,0.201897122241336,0.23999316270136656,0.07380168906226812,0.062310593569559834,0.12109824214837041,0.1643983723803774,0.13146751518802358,0.09064955388312869,0.12791345805521476,0.20987555702482671,0.10267740045480928,0.13953708063048662,0.13235531436301345,0.1193028771674949,0.11555929974015032,0.1764782397965177,0.09950882803615983,0.16302318885164901,0.19708165133267705,0.21013644875534632,0.21286886754964557,0.1360751945190793,0.10826964110312576,0.1600494734617002,0.18805117970673704,0.14500425800505262,0.16499277576811153,0.20340680063891348,0.2730616265699645,0.1594842699206408,0.20812774564632947,0.1909820217839266,0.20302398150744255,0.2013859936823487,0.2671527272121842,0.13075043543482515,0.15557546093279193,0.14384022009959035,0.12031783975101852,0.11981570875580352,0.15321613590492666,0.13050950473800405,0.13515853784612605,0.13105822800242234,0.09362829408783167,0.15828492221927287,0.15292150503701718,0.13077821681220858,0.14254196375276945,0.14541771354855484,0.13334457324102256,0.15177369119243111,0.15340186504449277,0.13605552805533627
m628,0.23916851381121457,0.19205472335027343,0.18421747819878848,0.16559406840758886,0.1624528181791233,0.1779332946893614,0.2655675892649319,0.18728827479088284,0.1807091716427173,0.1495058329249691,0.2062772497529169,0.12552934148054049,0.14888198451075907,0.23568581029076513,0.08133095074082394,0.13690963418021687,0.23491308021583757,0.1930591783403946,0.15410044081908414,0.11955404657318427,0.07217974425341939,0.09857626649033789,0.1461289979480009,0.12660969980996192,0.11778842178692824,0.0633311140211029,0.03932812884641143,0.14480806393098808,0.12453814879392622,0.1447907059111931,0.09638958743718881,0.12867517169851136,0.11059234349080169,0.05131945268002312,0.13226824136963647,0.16660927772258383,0.15852218659694703,0.13197781974039227,0.155519055329214,0.07416157532998753,0.12701708674896528,0.252023985905537,0.3424939670047538,0.1491690785837431,0.06423385410880667,0.05427293450326501,0.2671008742240115,0.3365888720603314,0.2001303254656485,0.11453292482309287,0.29683066369418987,0.150582152725989,0.07165048176746787,0.30072294921489756,0.2621754180709744,0.31344069056022067,0.35427914833066443,0.12244802168723791,0.06485717634615036,0.08522030324051677,0.17426533639463232,0.22456617955053174,0.12133210553027124,0.05111519050028237,0.05360092634166179,0.17810100382118796,0.2274767400518624,0.1418117238132968,0.09627342594056834,0.19615180489634265,0.1112693297216248,0.06350545145864725,0.18792559053589927,0.17090805617526642,0.19804165749621558,0.20948374196916128,0.1008020919407717,0.1044224170066948,0.08440531968105584,0.08610748155412963,0.07877821946649918,0.11087459800225473,0.07108540805112792,0.11841401976353844,0.08016229074305117,0.07874485162078086,0.1049848920212342,0.10551929853891756,0.08163185511515213,0.10621122706381181,0.11403782110275718,0.08034318010757245,0.08727799882283636,0.08598741711857028,0.07559044835721056
